,loss_value
0,356.32
1,364.82
2,372.27
3,375.65
4,378.55
5,377.6
6,376.72
7,374.82
8,371.48
9,367.57
10,361.99
11,354.0
12,348.09
13,341.57
14,336.19
15,330.61
16,325.78
17,321.28
18,318.3
19,316.05
20,312.87
21,311.02
22,308.75
23,307.73
24,305.08
25,302.97
26,302.21
27,300.23
28,297.54
29,296.25
30,295.07
31,293.08
32,291.82
33,290.65
34,289.63
35,287.48
36,286.53
37,285.06
38,283.27
39,282.1
40,281.5
41,280.61
42,279.36
43,277.75
44,276.69
45,274.52
46,273.99
47,273.86
48,272.24
49,271.41
50,270.95
51,269.81
52,268.43
53,268.58
54,266.85
55,265.79
56,265.54
57,264.12
58,263.55
59,263.38
60,261.83
61,261.22
62,260.05
63,260.02
64,259.82
65,258.68
66,257.98
67,257.26
68,255.96
69,256.29
70,256.12
71,255.12
72,255.17
73,254.91
74,254.6
75,253.29
76,254.27
77,251.51
78,251.84
79,252.06
80,250.72
81,250.62
82,250.64
83,249.48
84,249.34
85,247.81
86,247.74
87,247.32
88,248.07
89,246.09
90,246.53
91,245.88
92,246.88
93,244.99
94,244.69
95,244.61
96,244.73
97,244.63
98,243.24
99,243.38
100,241.37
101,243.65
102,242.09
103,242.22
104,242.05
105,242.83
106,240.48
107,240.61
108,239.82
109,240.02
110,239.99
111,239.76
112,240.3
113,238.61
114,238.66
115,237.98
116,239.12
117,240.8
118,237.09
119,237.62
120,238.12
121,236.82
122,236.8
123,236.45
124,236.85
125,234.78
126,234.76
127,235.69
128,235.58
129,234.9
130,234.93
131,234.04
132,233.96
133,233.95
134,233.63
135,232.85
136,234.14
137,233.24
138,232.8
139,232.43
140,232.84
141,232.79
142,232.78
143,232.12
144,231.4
145,230.47
146,231.62
147,231.27
148,231.72
149,229.98
150,229.72
151,230.93
152,230.03
153,228.42
154,228.82
155,229.58
156,228.3
157,227.97
158,229.2
159,228.62
160,227.98
161,228.18
162,227.02
163,227.86
164,226.32
165,227.13
166,226.06
167,227.67
168,226.4
169,224.54
170,227.66
171,225.26
172,224.97
173,225.68
174,225.32
175,225.57
176,226.28
177,224.94
178,224.87
179,224.37
180,224.71
181,223.63
182,224.03
183,223.12
184,223.13
185,222.84
186,222.88
187,223.83
188,222.88
189,221.63
190,222.77
191,223.03
192,221.41
193,221.47
194,222.04
195,222.79
196,220.95
197,220.4
198,220.45
199,220.16
200,221.16
201,220.97
202,220.08
203,219.81
204,220.62
205,219.66
206,219.06
207,219.49
208,220.34
209,219.79
210,218.93
211,218.02
212,217.89
213,218.1
214,218.66
215,218.07
216,218.83
217,218.15
218,218.8
219,216.54
220,217.93
221,216.77
222,217.34
223,216.56
224,217.45
225,215.21
226,216.68
227,216.83
228,214.79
229,215.62
230,215.02
231,215.18
232,214.89
233,214.72
234,214.99
235,215.11
236,214.8
237,215.02
238,213.92
239,214.06
240,214.13
241,213.69
242,214.92
243,213.82
244,212.87
245,211.93
246,212.69
247,212.1
248,213.94
249,213.72
250,212.46
251,211.84
252,212.33
253,211.94
254,212.36
255,211.6
256,211.09
257,212.41
258,211.52
259,210.7
260,211.18
261,210.52
262,210.11
263,209.87
264,211.82
265,211.01
266,209.92
267,210.0
268,209.63
269,209.96
270,209.21
271,209.44
272,208.84
273,208.05
274,210.18
275,208.37
276,209.23
277,209.63
278,206.93
279,208.21
280,208.51
281,207.4
282,207.18
283,207.4
284,208.08
285,207.64
286,206.73
287,207.43
288,206.54
289,205.81
290,206.48
291,207.09
292,205.96
293,206.06
294,206.6
295,207.13
296,205.41
297,205.61
298,206.24
299,206.59
300,205.66
301,204.55
302,204.93
303,204.96
304,204.87
305,204.52
306,204.01
307,204.89
308,204.26
309,204.36
310,204.53
311,204.14
312,203.36
313,204.46
314,202.01
315,203.11
316,203.0
317,202.25
318,203.22
319,203.89
320,201.58
321,202.22
322,203.98
323,203.15
324,201.81
325,202.27
326,202.43
327,201.35
328,201.77
329,202.18
330,202.32
331,202.56
332,201.19
333,200.17
334,200.12
335,201.73
336,200.78
337,201.28
338,201.1
339,202.2
340,200.56
341,199.27
342,200.17
343,200.19
344,199.52
345,199.0
346,198.14
347,200.07
348,198.16
349,199.61
350,199.18
351,199.54
352,198.79
353,198.36
354,198.87
355,199.26
356,198.4
357,198.61
358,198.68
359,197.58
360,198.05
361,197.53
362,198.38
363,197.27
364,197.8
365,198.36
366,198.3
367,196.7
368,198.39
369,197.13
370,196.92
371,196.94
372,197.07
373,195.25
374,196.59
375,196.05
376,196.42
377,194.68
378,196.1
379,196.83
380,195.55
381,196.61
382,195.15
383,195.25
384,194.95
385,194.67
386,195.1
387,194.69
388,193.99
389,194.76
390,194.68
391,194.96
392,195.15
393,194.67
394,194.45
395,194.59
396,193.4
397,193.34
398,194.53
399,193.17
400,193.39
401,192.83
402,194.16
403,193.93
404,192.53
405,192.89
406,192.88
407,191.49
408,193.07
409,193.16
410,192.45
411,192.81
412,193.41
413,191.66
414,191.7
415,191.31
416,191.82
417,191.86
418,192.46
419,191.2
420,190.93
421,190.62
422,190.49
423,190.65
424,191.28
425,190.64
426,189.95
427,189.89
428,190.62
429,190.54
430,190.04
431,189.67
432,190.66
433,189.57
434,189.53
435,190.67
436,188.76
437,190.53
438,190.49
439,188.65
440,188.39
441,190.26
442,188.08
443,189.47
444,188.29
445,187.86
446,187.97
447,189.89
448,188.63
449,188.32
450,188.56
451,188.86
452,187.41
453,188.3
454,187.95
455,188.33
456,186.99
457,187.02
458,187.55
459,187.43
460,187.99
461,188.2
462,186.44
463,186.57
464,187.3
465,188.03
466,187.72
467,187.75
468,186.24
469,186.35
470,186.89
471,184.5
472,186.79
473,185.34
474,187.05
475,185.97
476,186.89
477,185.12
478,185.77
479,185.97
480,185.34
481,185.61
482,185.44
483,185.62
484,184.73
485,185.42
486,184.78
487,185.05
488,185.76
489,185.26
490,185.48
491,183.53
492,184.23
493,183.96
494,184.69
495,184.93
496,184.33
497,183.74
498,183.58
499,185.09
500,183.33
501,184.19
502,183.66
503,183.96
504,184.99
505,183.13
506,183.34
507,183.2
508,183.58
509,182.05
510,182.61
511,183.15
512,182.15
513,182.95
514,182.13
515,182.82
516,181.79
517,183.57
518,182.5
519,181.98
520,182.13
521,182.04
522,181.46
523,181.41
524,181.88
525,181.91
526,182.05
527,181.05
528,180.78
529,181.42
530,181.43
531,181.89
532,179.7
533,181.14
534,181.53
535,179.96
536,180.58
537,182.33
538,181.89
539,180.94
540,179.99
541,179.25
542,177.6
543,180.96
544,180.11
545,180.98
546,179.81
547,178.97
548,179.84
549,179.18
550,178.61
551,178.86
552,178.54
553,178.11
554,178.66
555,179.0
556,179.03
557,180.06
558,178.63
559,178.65
560,178.14
561,178.99
562,178.6
563,177.64
564,178.51
565,178.05
566,177.9
567,177.56
568,177.66
569,177.9
570,177.57
571,177.0
572,177.57
573,178.25
574,177.33
575,177.93
576,176.88
577,176.9
578,176.68
579,177.74
580,176.88
581,176.38
582,177.35
583,177.41
584,175.98
585,175.74
586,176.6
587,177.0
588,176.3
589,174.52
590,175.42
591,176.08
592,175.15
593,175.78
594,175.34
595,175.73
596,175.53
597,176.73
598,176.64
599,176.01
600,176.54
601,174.44
602,176.05
603,175.31
604,175.05
605,175.62
606,174.47
607,174.53
608,174.42
609,174.98
610,175.25
611,174.05
612,174.28
613,173.35
614,174.53
615,173.72
616,172.9
617,174.04
618,174.06
619,173.25
620,174.59
621,173.19
622,174.28
623,173.97
624,172.32
625,173.02
626,174.0
627,172.86
628,172.53
629,173.42
630,172.49
631,172.22
632,171.77
633,171.31
634,173.09
635,173.18
636,172.75
637,172.87
638,172.88
639,172.59
640,172.11
641,172.19
642,171.22
643,171.72
644,172.73
645,172.77
646,171.32
647,171.82
648,171.48
649,172.15
650,171.41
651,170.93
652,171.76
653,172.33
654,170.79
655,170.41
656,170.59
657,171.43
658,170.72
659,171.23
660,170.86
661,170.99
662,170.19
663,171.45
664,170.79
665,170.36
666,170.45
667,171.42
668,169.02
669,169.26
670,170.92
671,169.64
672,170.27
673,170.14
674,170.01
675,168.96
676,170.32
677,169.35
678,168.03
679,169.4
680,168.8
681,167.83
682,169.18
683,169.09
684,168.63
685,168.59
686,167.89
687,168.14
688,168.44
689,168.86
690,168.85
691,167.9
692,169.4
693,167.16
694,168.13
695,167.55
696,167.58
697,168.06
698,166.97
699,168.67
700,167.52
701,166.64
702,168.12
703,167.63
704,167.37
705,168.15
706,168.56
707,167.75
708,166.58
709,167.03
710,166.57
711,168.02
712,167.38
713,166.87
714,167.16
715,166.66
716,165.86
717,166.5
718,167.9
719,167.12
720,166.49
721,166.18
722,167.08
723,167.39
724,165.27
725,166.23
726,166.82
727,167.39
728,166.24
729,166.09
730,167.75
731,165.57
732,166.18
733,166.38
734,165.42
735,164.75
736,165.18
737,166.39
738,165.69
739,164.89
740,166.1
741,165.83
742,165.78
743,164.01
744,164.86
745,165.18
746,165.67
747,164.58
748,163.72
749,165.78
750,164.63
751,165.35
752,164.66
753,165.23
754,164.67
755,164.28
756,164.61
757,164.19
758,163.48
759,164.29
760,164.19
761,164.7
762,164.23
763,165.04
764,164.55
765,164.33
766,165.26
767,162.97
768,162.36
769,162.96
770,162.46
771,164.18
772,163.83
773,162.96
774,162.24
775,163.19
776,161.53
777,163.12
778,162.99
779,162.5
780,162.8
781,162.5
782,163.24
783,162.3
784,162.91
785,162.91
786,162.66
787,162.71
788,162.48
789,162.52
790,163.42
791,162.34
792,163.15
793,161.16
794,162.3
795,162.98
796,162.94
797,161.8
798,160.81
799,162.05
800,161.71
801,161.78
802,161.84
803,161.49
804,161.75
805,161.17
806,161.6
807,161.1
808,161.04
809,160.7
810,161.44
811,161.51
812,160.08
813,161.15
814,159.63
815,160.08
816,160.46
817,161.65
818,161.09
819,159.85
820,160.4
821,160.29
822,160.02
823,160.77
824,160.19
825,160.04
826,160.73
827,159.69
828,161.33
829,159.96
830,160.67
831,160.86
832,160.05
833,160.33
834,160.18
835,159.31
836,160.43
837,160.58
838,159.47
839,159.34
840,158.62
841,161.03
842,159.06
843,158.6
844,157.62
845,159.7
846,157.55
847,158.15
848,157.16
849,157.67
850,158.33
851,158.64
852,159.47
853,159.41
854,158.98
855,158.04
856,158.48
857,158.62
858,159.45
859,157.87
860,158.43
861,157.22
862,159.22
863,157.56
864,157.31
865,158.17
866,157.86
867,158.1
868,158.25
869,156.53
870,157.73
871,157.9
872,157.39
873,156.16
874,157.76
875,157.27
876,157.37
877,157.07
878,158.16
879,156.47
880,157.86
881,155.86
882,156.3
883,156.05
884,157.27
885,157.98
886,156.95
887,157.6
888,156.74
889,157.35
890,156.66
891,157.82
892,156.43
893,157.18
894,155.63
895,156.81
896,155.66
897,156.43
898,156.57
899,156.51
900,157.03
901,155.94
902,156.2
903,156.52
904,155.87
905,156.16
906,156.02
907,155.09
908,156.23
909,156.42
910,155.59
911,155.69
912,154.86
913,156.3
914,155.98
915,155.46
916,154.62
917,155.61
918,155.52
919,155.02
920,154.93
921,154.32
922,154.94
923,154.63
924,154.99
925,155.96
926,155.19
927,154.93
928,154.37
929,154.99
930,154.79
931,155.22
932,155.41
933,154.05
934,154.77
935,154.33
936,154.77
937,154.78
938,154.27
939,155.04
940,154.71
941,153.99
942,154.29
943,154.45
944,155.28
945,154.06
946,153.31
947,153.21
948,153.54
949,152.49
950,153.37
951,152.99
952,153.33
953,153.77
954,153.02
955,152.64
956,152.37
957,152.38
958,152.64
959,153.69
960,152.93
961,153.2
962,153.29
963,153.89
964,152.61
965,153.51
966,152.57
967,152.71
968,153.13
969,153.66
970,153.38
971,151.99
972,151.33
973,151.45
974,152.68
975,151.91
976,153.15
977,152.9
978,153.84
979,152.55
980,151.88
981,152.23
982,152.16
983,151.0
984,152.08
985,151.46
986,152.56
987,152.52
988,152.18
989,152.52
990,152.56
991,151.95
992,151.73
993,150.93
994,152.19
995,151.21
996,151.58
997,151.32
998,152.14
999,151.6
1000,150.85
1001,151.94
1002,151.81
1003,151.28
1004,150.6
1005,150.88
1006,149.87
1007,151.11
1008,149.68
1009,150.46
1010,150.35
1011,150.55
1012,150.88
1013,150.69
1014,150.83
1015,150.08
1016,151.24
1017,150.78
1018,150.13
1019,150.25
1020,150.36
1021,151.01
1022,150.24
1023,150.36
1024,150.19
1025,151.24
1026,150.46
1027,150.07
1028,150.34
1029,150.33
1030,150.66
1031,150.32
1032,149.15
1033,149.96
1034,150.18
1035,150.34
1036,149.97
1037,149.39
1038,149.29
1039,148.53
1040,148.96
1041,149.51
1042,148.81
1043,149.31
1044,149.25
1045,148.9
1046,149.57
1047,149.25
1048,149.72
1049,149.28
1050,148.49
1051,149.03
1052,149.63
1053,148.39
1054,148.7
1055,148.8
1056,147.83
1057,149.05
1058,147.81
1059,148.4
1060,148.97
1061,149.02
1062,148.56
1063,148.94
1064,148.86
1065,148.71
1066,148.55
1067,147.84
1068,148.38
1069,147.87
1070,146.79
1071,148.38
1072,147.63
1073,148.51
1074,148.38
1075,147.33
1076,147.57
1077,146.99
1078,147.08
1079,147.59
1080,148.27
1081,147.61
1082,147.28
1083,148.09
1084,146.53
1085,147.99
1086,147.51
1087,147.05
1088,148.06
1089,146.25
1090,148.03
1091,147.91
1092,147.53
1093,147.68
1094,147.4
1095,146.72
1096,146.64
1097,146.81
1098,147.12
1099,147.4
1100,147.2
1101,147.71
1102,147.0
1103,147.89
1104,147.08
1105,145.73
1106,147.27
1107,146.92
1108,147.58
1109,145.55
1110,147.05
1111,145.63
1112,147.2
1113,146.74
1114,146.02
1115,145.65
1116,145.24
1117,145.9
1118,146.47
1119,146.53
1120,147.28
1121,145.92
1122,146.57
1123,146.38
1124,145.01
1125,145.8
1126,146.42
1127,146.52
1128,146.14
1129,146.41
1130,145.73
1131,145.1
1132,145.7
1133,146.4
1134,145.96
1135,146.03
1136,145.16
1137,144.82
1138,145.6
1139,145.22
1140,144.21
1141,145.35
1142,145.28
1143,144.92
1144,144.88
1145,146.06
1146,144.78
1147,145.68
1148,144.38
1149,145.16
1150,144.63
1151,144.6
1152,143.63
1153,144.51
1154,144.81
1155,144.94
1156,145.63
1157,144.81
1158,143.88
1159,144.9
1160,144.02
1161,144.51
1162,145.14
1163,143.88
1164,144.58
1165,143.95
1166,144.57
1167,143.46
1168,144.92
1169,144.49
1170,144.14
1171,143.94
1172,144.31
1173,144.35
1174,144.46
1175,144.9
1176,143.96
1177,143.84
1178,143.66
1179,144.25
1180,143.56
1181,144.42
1182,142.65
1183,144.03
1184,143.91
1185,143.43
1186,144.6
1187,143.95
1188,143.21
1189,142.87
1190,143.34
1191,142.81
1192,143.28
1193,142.43
1194,144.4
1195,144.22
1196,143.18
1197,143.29
1198,142.82
1199,142.61
1200,143.3
1201,142.97
1202,143.21
1203,141.66
1204,144.1
1205,142.3
1206,142.91
1207,141.75
1208,142.53
1209,142.38
1210,143.06
1211,142.24
1212,141.83
1213,142.16
1214,141.59
1215,143.26
1216,142.25
1217,142.33
1218,142.36
1219,141.69
1220,142.56
1221,141.8
1222,142.34
1223,142.14
1224,141.86
1225,142.42
1226,142.25
1227,142.61
1228,141.0
1229,142.3
1230,140.24
1231,141.8
1232,142.23
1233,142.92
1234,141.87
1235,142.34
1236,140.64
1237,141.42
1238,140.83
1239,142.28
1240,142.49
1241,141.7
1242,141.18
1243,141.79
1244,141.73
1245,141.71
1246,141.02
1247,141.6
1248,141.79
1249,141.77
1250,140.85
1251,141.69
1252,141.41
1253,140.75
1254,142.85
1255,141.58
1256,141.53
1257,142.27
1258,140.95
1259,141.1
1260,141.42
1261,140.65
1262,141.34
1263,139.43
1264,140.69
1265,142.04
1266,140.23
1267,141.75
1268,140.27
1269,140.85
1270,141.13
1271,141.81
1272,140.47
1273,141.37
1274,139.64
1275,139.08
1276,141.05
1277,140.48
1278,139.81
1279,139.43
1280,140.29
1281,140.02
1282,140.11
1283,140.13
1284,140.09
1285,140.02
1286,140.53
1287,139.95
1288,140.49
1289,140.49
1290,140.25
1291,140.21
1292,139.97
1293,139.63
1294,139.83
1295,139.98
1296,140.33
1297,139.58
1298,139.68
1299,140.73
1300,140.12
1301,139.16
1302,139.93
1303,140.42
1304,139.9
1305,140.16
1306,138.99
1307,140.21
1308,138.33
1309,139.75
1310,138.91
1311,139.07
1312,139.22
1313,139.73
1314,139.4
1315,138.83
1316,137.97
1317,138.61
1318,138.57
1319,138.56
1320,138.66
1321,139.36
1322,140.12
1323,139.3
1324,139.46
1325,139.15
1326,139.42
1327,137.93
1328,139.81
1329,139.3
1330,138.15
1331,138.84
1332,138.67
1333,138.79
1334,139.02
1335,137.98
1336,138.76
1337,138.07
1338,138.68
1339,138.41
1340,137.68
1341,138.63
1342,138.74
1343,138.24
1344,136.82
1345,137.32
1346,137.91
1347,137.81
1348,137.62
1349,137.93
1350,138.71
1351,136.36
1352,137.16
1353,137.06
1354,138.12
1355,138.29
1356,137.23
1357,137.53
1358,138.34
1359,137.59
1360,137.52
1361,137.09
1362,137.39
1363,137.64
1364,137.55
1365,137.43
1366,138.88
1367,137.81
1368,137.58
1369,136.82
1370,138.59
1371,137.62
1372,137.6
1373,137.5
1374,138.24
1375,137.39
1376,136.28
1377,137.17
1378,136.17
1379,137.14
1380,137.44
1381,136.29
1382,136.88
1383,137.96
1384,136.37
1385,136.52
1386,136.93
1387,137.35
1388,136.51
1389,136.47
1390,137.4
1391,135.57
1392,136.98
1393,136.47
1394,136.16
1395,136.6
1396,136.42
1397,135.6
1398,137.37
1399,136.44
1400,135.92
1401,135.5
1402,136.57
1403,136.1
1404,136.97
1405,136.4
1406,136.06
1407,136.1
1408,135.94
1409,136.71
1410,135.99
1411,136.12
1412,136.09
1413,136.12
1414,136.07
1415,134.85
1416,135.35
1417,136.01
1418,136.6
1419,136.52
1420,135.25
1421,135.06
1422,136.1
1423,135.75
1424,136.29
1425,136.66
1426,135.4
1427,135.05
1428,135.5
1429,135.22
1430,134.95
1431,135.63
1432,134.89
1433,136.11
1434,135.41
1435,134.42
1436,134.71
1437,136.54
1438,134.34
1439,135.8
1440,134.99
1441,135.05
1442,135.98
1443,135.36
1444,134.93
1445,135.56
1446,135.56
1447,135.31
1448,135.79
1449,134.86
1450,134.89
1451,135.55
1452,134.38
1453,135.74
1454,134.87
1455,135.3
1456,134.92
1457,134.95
1458,134.87
1459,133.94
1460,134.82
1461,134.63
1462,134.96
1463,134.82
1464,135.0
1465,133.88
1466,134.7
1467,134.36
1468,134.54
1469,134.44
1470,135.55
1471,133.61
1472,133.26
1473,134.67
1474,134.17
1475,134.19
1476,134.3
1477,133.58
1478,134.46
1479,134.29
1480,134.01
1481,133.35
1482,134.79
1483,133.49
1484,133.24
1485,133.68
1486,134.0
1487,134.25
1488,133.83
1489,134.29
1490,133.21
1491,134.12
1492,134.14
1493,133.53
1494,133.96
1495,134.52
1496,133.66
1497,133.1
1498,133.48
1499,134.01
1500,133.5
1501,133.99
1502,134.13
1503,132.85
1504,133.21
1505,134.37
1506,134.32
1507,132.9
1508,134.47
1509,132.8
1510,133.38
1511,132.82
1512,133.68
1513,133.21
1514,133.23
1515,133.28
1516,132.76
1517,132.89
1518,132.54
1519,132.08
1520,132.83
1521,133.12
1522,133.19
1523,132.97
1524,132.82
1525,132.35
1526,131.76
1527,132.51
1528,132.56
1529,132.44
1530,133.43
1531,132.99
1532,131.76
1533,131.85
1534,132.24
1535,133.85
1536,132.69
1537,132.3
1538,131.47
1539,131.93
1540,132.48
1541,131.96
1542,132.45
1543,132.35
1544,131.79
1545,133.05
1546,132.3
1547,132.05
1548,132.48
1549,132.2
1550,131.83
1551,131.6
1552,130.76
1553,132.55
1554,132.89
1555,131.65
1556,132.35
1557,131.11
1558,132.93
1559,132.15
1560,131.38
1561,132.45
1562,132.42
1563,131.87
1564,132.02
1565,132.56
1566,130.73
1567,131.73
1568,131.44
1569,131.65
1570,132.38
1571,131.05
1572,129.9
1573,132.32
1574,131.53
1575,130.74
1576,131.75
1577,131.22
1578,131.37
1579,131.73
1580,131.24
1581,130.11
1582,131.64
1583,131.19
1584,132.09
1585,130.01
1586,130.65
1587,130.16
1588,132.5
1589,131.38
1590,130.56
1591,130.22
1592,130.94
1593,129.77
1594,131.06
1595,130.48
1596,131.8
1597,130.32
1598,130.67
1599,129.95
1600,130.6
1601,131.27
1602,130.22
1603,129.83
1604,130.58
1605,130.62
1606,130.75
1607,130.88
1608,130.6
1609,130.72
1610,130.71
1611,129.63
1612,130.47
1613,131.03
1614,129.77
1615,130.78
1616,129.92
1617,131.39
1618,129.19
1619,130.0
1620,131.45
1621,129.39
1622,129.71
1623,130.49
1624,130.71
1625,130.41
1626,129.81
1627,130.34
1628,130.66
1629,129.9
1630,130.36
1631,130.03
1632,130.94
1633,130.04
1634,130.84
1635,130.98
1636,130.18
1637,129.4
1638,129.93
1639,130.06
1640,129.83
1641,129.2
1642,129.21
1643,129.63
1644,129.53
1645,129.43
1646,129.04
1647,129.91
1648,130.06
1649,129.04
1650,128.96
1651,129.61
1652,130.18
1653,130.13
1654,128.0
1655,129.31
1656,129.48
1657,128.47
1658,128.77
1659,129.02
1660,130.41
1661,129.27
1662,128.35
1663,129.36
1664,128.91
1665,129.7
1666,129.14
1667,129.36
1668,128.84
1669,129.01
1670,128.78
1671,129.22
1672,130.06
1673,128.28
1674,128.57
1675,128.31
1676,129.78
1677,128.73
1678,129.4
1679,128.88
1680,128.78
1681,129.39
1682,128.4
1683,128.78
1684,128.16
1685,129.61
1686,127.66
1687,127.56
1688,128.78
1689,129.25
1690,128.4
1691,129.49
1692,128.64
1693,129.47
1694,128.11
1695,128.28
1696,128.44
1697,127.63
1698,128.28
1699,128.35
1700,127.32
1701,128.62
1702,128.23
1703,128.76
1704,128.05
1705,128.81
1706,128.93
1707,127.83
1708,127.99
1709,128.35
1710,127.63
1711,128.14
1712,128.41
1713,129.01
1714,128.51
1715,127.48
1716,128.69
1717,127.6
1718,127.83
1719,127.94
1720,128.75
1721,128.6
1722,128.64
1723,126.91
1724,127.25
1725,127.41
1726,127.8
1727,127.26
1728,128.53
1729,126.97
1730,127.8
1731,126.95
1732,127.13
1733,128.41
1734,126.85
1735,127.65
1736,126.72
1737,126.45
1738,128.93
1739,127.91
1740,127.02
1741,127.69
1742,127.92
1743,127.63
1744,127.84
1745,127.12
1746,127.1
1747,127.59
1748,127.96
1749,128.5
1750,128.04
1751,128.12
1752,128.34
1753,126.39
1754,127.69
1755,126.06
1756,127.26
1757,126.69
1758,127.22
1759,126.48
1760,126.18
1761,126.99
1762,127.0
1763,126.78
1764,127.5
1765,127.14
1766,126.19
1767,126.95
1768,127.72
1769,126.16
1770,127.12
1771,125.95
1772,125.95
1773,126.0
1774,127.07
1775,125.52
1776,126.3
1777,126.71
1778,126.07
1779,127.44
1780,125.21
1781,126.83
1782,126.49
1783,127.4
1784,126.85
1785,125.28
1786,126.25
1787,126.23
1788,127.03
1789,125.57
1790,126.54
1791,126.39
1792,127.38
1793,125.93
1794,127.16
1795,126.11
1796,125.69
1797,126.35
1798,125.05
1799,126.47
1800,126.33
1801,126.06
1802,125.68
1803,125.71
1804,125.75
1805,125.52
1806,126.58
1807,126.77
1808,126.71
1809,125.48
1810,125.22
1811,126.33
1812,126.08
1813,125.6
1814,126.54
1815,125.75
1816,125.54
1817,126.22
1818,126.22
1819,125.53
1820,124.73
1821,125.74
1822,125.29
1823,125.91
1824,126.33
1825,125.68
1826,125.42
1827,126.2
1828,125.92
1829,124.43
1830,125.0
1831,126.48
1832,125.48
1833,124.97
1834,125.36
1835,125.58
1836,125.77
1837,125.04
1838,124.79
1839,125.49
1840,124.56
1841,125.15
1842,124.79
1843,124.76
1844,124.4
1845,124.95
1846,124.57
1847,125.48
1848,124.66
1849,125.89
1850,124.05
1851,125.38
1852,125.75
1853,125.19
1854,124.34
1855,124.04
1856,123.64
1857,125.95
1858,124.16
1859,124.72
1860,124.64
1861,125.33
1862,124.73
1863,124.54
1864,124.4
1865,123.8
1866,125.2
1867,124.94
1868,124.76
1869,123.79
1870,124.61
1871,124.69
1872,124.73
1873,124.73
1874,124.34
1875,125.89
1876,124.87
1877,124.47
1878,123.99
1879,124.5
1880,123.91
1881,124.21
1882,125.24
1883,124.36
1884,123.63
1885,123.81
1886,123.85
1887,123.7
1888,123.49
1889,124.8
1890,124.17
1891,124.06
1892,123.79
1893,124.07
1894,124.69
1895,123.93
1896,123.9
1897,123.94
1898,124.52
1899,123.32
1900,125.03
1901,124.44
1902,123.31
1903,124.62
1904,124.52
1905,124.51
1906,124.05
1907,124.47
1908,122.81
1909,124.75
1910,123.41
1911,124.6
1912,124.65
1913,123.63
1914,124.12
1915,123.2
1916,122.71
1917,124.52
1918,123.06
1919,122.66
1920,123.48
1921,123.66
1922,123.61
1923,123.66
1924,124.65
1925,123.72
1926,122.84
1927,123.5
1928,123.19
1929,122.4
1930,124.22
1931,123.49
1932,123.06
1933,123.69
1934,123.25
1935,123.42
1936,123.54
1937,123.9
1938,122.28
1939,123.26
1940,121.97
1941,122.81
1942,123.67
1943,122.82
1944,123.02
1945,123.87
1946,122.65
1947,122.93
1948,123.21
1949,122.45
1950,123.66
1951,122.82
1952,123.24
1953,123.75
1954,122.68
1955,122.99
1956,122.84
1957,123.16
1958,122.28
1959,123.62
1960,123.35
1961,122.62
1962,122.35
1963,123.22
1964,122.05
1965,122.79
1966,123.62
1967,122.73
1968,123.02
1969,122.24
1970,121.69
1971,122.79
1972,121.05
1973,122.55
1974,122.33
1975,123.61
1976,122.34
1977,123.32
1978,121.98
1979,121.42
1980,121.63
1981,121.48
1982,123.31
1983,123.21
1984,122.54
1985,122.35
1986,121.69
1987,122.61
1988,121.14
1989,122.15
1990,122.42
1991,122.03
1992,121.69
1993,122.08
1994,121.11
1995,122.5
1996,121.73
1997,122.6
1998,121.66
1999,122.47
2000,121.9
2001,122.42
2002,122.37
2003,122.3
2004,122.65
2005,122.65
2006,121.24
2007,122.44
2008,122.79
2009,121.05
2010,121.22
2011,121.13
2012,121.99
2013,121.5
2014,121.42
2015,122.35
2016,121.05
2017,121.18
2018,121.97
2019,120.96
2020,121.17
2021,122.47
2022,122.11
2023,122.53
2024,121.29
2025,121.86
2026,120.57
2027,120.96
2028,121.85
2029,121.67
2030,122.97
2031,121.83
2032,120.21
2033,120.67
2034,121.33
2035,121.6
2036,120.95
2037,121.44
2038,120.64
2039,121.08
2040,121.25
2041,120.72
2042,121.93
2043,121.59
2044,120.97
2045,121.92
2046,120.31
2047,120.33
2048,121.52
2049,121.38
2050,120.77
2051,120.39
2052,119.83
2053,121.12
2054,120.75
2055,120.94
2056,120.68
2057,120.44
2058,121.16
2059,121.34
2060,121.3
2061,121.13
2062,120.88
2063,120.93
2064,121.3
2065,120.59
2066,121.09
2067,120.5
2068,121.15
2069,120.22
2070,120.17
2071,121.48
2072,122.34
2073,120.79
2074,121.14
2075,120.32
2076,119.22
2077,119.68
2078,121.34
2079,120.64
2080,119.89
2081,120.63
2082,119.92
2083,120.22
2084,120.49
2085,121.39
2086,119.76
2087,120.71
2088,121.28
2089,120.44
2090,119.78
2091,121.32
2092,120.44
2093,120.72
2094,121.14
2095,119.86
2096,120.05
2097,120.49
2098,119.32
2099,120.16
2100,120.49
2101,119.88
2102,119.79
2103,119.91
2104,120.54
2105,119.65
2106,119.62
2107,120.06
2108,120.63
2109,119.71
2110,120.31
2111,119.98
2112,120.73
2113,120.91
2114,120.99
2115,119.68
2116,119.57
2117,119.55
2118,118.93
2119,120.38
2120,119.98
2121,119.46
2122,119.8
2123,119.48
2124,118.21
2125,121.3
2126,120.0
2127,119.57
2128,118.48
2129,121.11
2130,119.37
2131,120.0
2132,119.11
2133,119.26
2134,118.52
2135,119.37
2136,119.94
2137,119.29
2138,119.13
2139,118.47
2140,119.93
2141,119.93
2142,119.96
2143,119.42
2144,118.54
2145,118.46
2146,119.32
2147,118.33
2148,118.43
2149,119.13
2150,119.37
2151,118.21
2152,119.32
2153,119.17
2154,119.4
2155,118.07
2156,119.57
2157,118.18
2158,119.92
2159,118.79
2160,119.65
2161,119.22
2162,119.27
2163,119.32
2164,119.69
2165,118.82
2166,119.68
2167,120.16
2168,117.86
2169,119.06
2170,119.16
2171,118.05
2172,119.79
2173,119.14
2174,118.8
2175,119.7
2176,119.94
2177,118.94
2178,118.85
2179,118.51
2180,118.51
2181,119.96
2182,119.28
2183,118.18
2184,118.35
2185,118.7
2186,118.95
2187,118.43
2188,118.98
2189,118.6
2190,118.72
2191,119.18
2192,118.14
2193,118.05
2194,118.1
2195,118.07
2196,118.91
2197,118.97
2198,118.28
2199,118.73
2200,118.02
2201,117.83
2202,117.97
2203,118.33
2204,118.23
2205,119.88
2206,118.12
2207,117.84
2208,118.17
2209,118.08
2210,118.63
2211,118.59
2212,118.28
2213,117.46
2214,117.88
2215,118.57
2216,118.04
2217,118.87
2218,117.64
2219,118.38
2220,117.9
2221,118.15
2222,117.69
2223,117.49
2224,118.99
2225,117.73
2226,117.63
2227,118.81
2228,118.75
2229,118.52
2230,117.37
2231,118.47
2232,116.92
2233,117.71
2234,118.87
2235,118.5
2236,118.12
2237,117.66
2238,117.43
2239,117.68
2240,117.82
2241,117.13
2242,117.78
2243,117.87
2244,117.14
2245,118.35
2246,117.28
2247,118.19
2248,117.71
2249,118.7
2250,117.25
2251,118.24
2252,116.86
2253,117.62
2254,116.79
2255,116.44
2256,117.51
2257,117.56
2258,116.97
2259,116.93
2260,117.81
2261,117.35
2262,117.78
2263,117.2
2264,117.77
2265,117.2
2266,117.07
2267,117.72
2268,116.76
2269,117.78
2270,117.58
2271,117.36
2272,117.47
2273,117.93
2274,117.93
2275,116.71
2276,117.45
2277,116.95
2278,117.53
2279,116.51
2280,117.39
2281,116.71
2282,117.43
2283,116.77
2284,117.77
2285,117.93
2286,117.53
2287,116.8
2288,116.85
2289,117.57
2290,116.56
2291,116.44
2292,117.58
2293,116.04
2294,117.3
2295,116.71
2296,116.73
2297,116.32
2298,116.75
2299,116.72
2300,115.33
2301,117.13
2302,116.6
2303,116.17
2304,117.67
2305,116.4
2306,116.39
2307,117.26
2308,117.31
2309,117.31
2310,117.2
2311,116.06
2312,116.66
2313,117.02
2314,116.81
2315,116.56
2316,116.71
2317,116.94
2318,117.1
2319,115.73
2320,117.53
2321,115.44
2322,116.14
2323,116.57
2324,116.18
2325,117.62
2326,116.21
2327,116.78
2328,116.0
2329,115.95
2330,115.99
2331,116.69
2332,117.48
2333,116.03
2334,116.0
2335,116.36
2336,116.29
2337,115.78
2338,116.68
2339,116.45
2340,115.97
2341,116.16
2342,116.47
2343,116.69
2344,117.26
2345,115.87
2346,115.95
2347,115.68
2348,116.56
2349,116.08
2350,115.43
2351,116.54
2352,115.3
2353,116.03
2354,117.66
2355,116.18
2356,115.11
2357,114.78
2358,115.55
2359,116.11
2360,116.19
2361,116.15
2362,114.76
2363,115.93
2364,116.19
2365,116.75
2366,116.15
2367,116.54
2368,115.1
2369,115.44
2370,115.24
2371,115.52
2372,116.13
2373,114.89
2374,115.06
2375,117.03
2376,115.72
2377,116.01
2378,116.11
2379,115.44
2380,114.78
2381,115.19
2382,115.52
2383,115.21
2384,115.42
2385,115.35
2386,115.15
2387,115.75
2388,116.05
2389,115.21
2390,115.3
2391,115.65
2392,115.03
2393,115.59
2394,114.93
2395,115.44
2396,116.12
2397,115.06
2398,114.78
2399,115.94
2400,114.99
2401,115.32
2402,115.65
2403,115.31
2404,114.91
2405,115.56
2406,114.65
2407,114.1
2408,115.86
2409,115.43
2410,115.22
2411,114.2
2412,115.45
2413,115.31
2414,114.37
2415,115.3
2416,114.85
2417,115.45
2418,114.81
2419,114.59
2420,115.14
2421,115.24
2422,114.94
2423,116.08
2424,115.36
2425,115.7
2426,115.03
2427,114.69
2428,114.84
2429,114.8
2430,116.04
2431,115.35
2432,114.45
2433,113.89
2434,115.34
2435,113.91
2436,114.63
2437,113.92
2438,114.14
2439,113.33
2440,114.02
2441,114.27
2442,114.59
2443,115.36
2444,114.17
2445,114.76
2446,113.49
2447,115.73
2448,113.79
2449,114.56
2450,115.08
2451,114.24
2452,113.4
2453,114.45
2454,114.79
2455,114.74
2456,114.44
2457,113.94
2458,114.13
2459,113.2
2460,114.21
2461,114.88
2462,114.82
2463,115.19
2464,114.33
2465,113.23
2466,114.83
2467,114.22
2468,113.11
2469,114.26
2470,114.62
2471,114.31
2472,114.15
2473,112.98
2474,114.7
2475,113.7
2476,113.76
2477,113.81
2478,113.54
2479,115.16
2480,113.6
2481,113.84
2482,113.94
2483,113.97
2484,112.95
2485,113.7
2486,113.1
2487,114.74
2488,113.73
2489,114.33
2490,114.46
2491,113.51
2492,113.61
2493,114.32
2494,113.86
2495,113.91
2496,114.02
2497,114.51
2498,114.52
2499,112.97
2500,114.49
2501,114.83
2502,114.12
2503,112.35
2504,113.81
2505,115.61
2506,114.03
2507,113.91
2508,114.57
2509,113.29
2510,113.04
2511,114.19
2512,114.38
2513,113.19
2514,113.01
2515,113.02
2516,114.91
2517,113.04
2518,112.96
2519,112.62
2520,113.67
2521,113.48
2522,113.86
2523,113.71
2524,112.74
2525,114.97
2526,113.05
2527,114.12
2528,113.83
2529,113.04
2530,113.24
2531,112.68
2532,113.43
2533,113.29
2534,113.85
2535,114.24
2536,113.25
2537,113.65
2538,112.77
2539,112.74
2540,112.7
2541,113.92
2542,113.33
2543,111.99
2544,112.63
2545,114.8
2546,112.89
2547,112.76
2548,113.87
2549,112.82
2550,112.66
2551,113.11
2552,113.3
2553,111.62
2554,113.41
2555,112.94
2556,114.02
2557,113.13
2558,113.16
2559,112.65
2560,112.51
2561,113.11
2562,112.91
2563,113.26
2564,111.97
2565,113.2
2566,112.05
2567,112.82
2568,112.69
2569,111.52
2570,112.33
2571,113.29
2572,112.54
2573,113.54
2574,112.4
2575,113.28
2576,111.22
2577,112.62
2578,112.88
2579,112.28
2580,112.46
2581,111.49
2582,113.73
2583,111.8
2584,112.39
2585,113.32
2586,113.22
2587,111.51
2588,111.29
2589,111.87
2590,112.81
2591,112.41
2592,112.82
2593,111.82
2594,112.41
2595,112.56
2596,112.47
2597,112.63
2598,113.3
2599,112.39
2600,112.25
2601,112.7
2602,112.56
2603,111.76
2604,112.73
2605,112.32
2606,112.49
2607,112.27
2608,110.78
2609,112.19
2610,113.31
2611,111.87
2612,113.01
2613,112.86
2614,111.18
2615,111.41
2616,112.02
2617,112.89
2618,112.43
2619,110.63
2620,111.54
2621,112.67
2622,110.87
2623,111.58
2624,111.03
2625,113.01
2626,112.48
2627,112.14
2628,112.77
2629,112.87
2630,111.18
2631,111.02
2632,111.34
2633,112.4
2634,112.69
2635,111.66
2636,112.64
2637,111.55
2638,110.99
2639,111.34
2640,112.58
2641,112.0
2642,111.28
2643,112.41
2644,111.2
2645,112.53
2646,112.69
2647,113.04
2648,112.25
2649,112.49
2650,111.07
2651,111.45
2652,111.57
2653,111.65
2654,112.43
2655,111.26
2656,110.99
2657,110.65
2658,112.19
2659,111.79
2660,111.96
2661,112.27
2662,111.2
2663,111.85
2664,111.37
2665,111.32
2666,110.75
2667,112.17
2668,111.1
2669,111.25
2670,112.05
2671,110.81
2672,111.56
2673,110.56
2674,110.15
2675,110.78
2676,109.94
2677,111.07
2678,111.34
2679,111.17
2680,111.05
2681,111.16
2682,112.22
2683,111.54
2684,111.45
2685,111.59
2686,111.15
2687,111.05
2688,111.28
2689,112.07
2690,111.02
2691,111.14
2692,111.2
2693,110.15
2694,112.22
2695,110.77
2696,110.58
2697,111.2
2698,109.83
2699,111.16
2700,111.52
2701,110.76
2702,110.68
2703,110.56
2704,110.84
2705,111.28
2706,111.46
2707,111.35
2708,111.68
2709,110.93
2710,112.0
2711,110.53
2712,110.59
2713,111.23
2714,111.16
2715,109.88
2716,111.09
2717,111.36
2718,111.74
2719,110.25
2720,110.29
2721,112.07
2722,110.93
2723,111.33
2724,111.32
2725,110.81
2726,110.94
2727,109.52
2728,111.1
2729,110.36
2730,110.61
2731,111.44
2732,110.37
2733,111.2
2734,111.35
2735,110.72
2736,109.8
2737,110.73
2738,111.42
2739,109.25
2740,110.79
2741,110.25
2742,110.7
2743,110.06
2744,109.7
2745,111.26
2746,110.55
2747,110.39
2748,109.88
2749,110.55
2750,110.46
2751,110.3
2752,111.14
2753,110.41
2754,110.62
2755,110.84
2756,110.33
2757,110.82
2758,109.85
2759,109.33
2760,110.79
2761,109.72
2762,110.48
2763,110.06
2764,110.63
2765,109.93
2766,110.25
2767,111.11
2768,109.53
2769,109.37
2770,110.17
2771,109.91
2772,110.19
2773,109.85
2774,110.03
2775,110.85
2776,110.51
2777,110.34
2778,109.59
2779,109.14
2780,110.28
2781,109.76
2782,109.94
2783,110.45
2784,110.08
2785,109.95
2786,110.9
2787,110.46
2788,110.3
2789,109.56
2790,109.75
2791,110.01
2792,109.17
2793,110.12
2794,109.64
2795,111.13
2796,109.69
2797,109.67
2798,110.38
2799,109.02
2800,110.03
2801,109.14
2802,109.12
2803,109.91
2804,111.02
2805,110.68
2806,109.8
2807,109.52
2808,109.9
2809,110.18
2810,110.39
2811,109.28
2812,109.99
2813,108.99
2814,111.0
2815,110.08
2816,110.47
2817,109.06
2818,110.1
2819,109.72
2820,110.4
2821,109.3
2822,109.07
2823,108.82
2824,109.05
2825,109.85
2826,109.36
2827,110.27
2828,109.29
2829,109.92
2830,109.63
2831,110.25
2832,109.83
2833,109.47
2834,110.11
2835,109.51
2836,109.3
2837,109.54
2838,109.11
2839,109.98
2840,109.69
2841,109.84
2842,109.05
2843,108.17
2844,109.38
2845,109.41
2846,108.43
2847,109.75
2848,108.38
2849,109.29
2850,108.78
2851,109.16
2852,110.22
2853,108.78
2854,109.03
2855,108.93
2856,108.79
2857,109.36
2858,110.16
2859,109.26
2860,109.38
2861,108.36
2862,108.98
2863,108.29
2864,110.08
2865,108.28
2866,108.14
2867,110.14
2868,109.88
2869,108.44
2870,108.99
2871,107.86
2872,108.17
2873,108.47
2874,109.35
2875,108.93
2876,108.44
2877,109.44
2878,109.08
2879,109.05
2880,108.98
2881,107.66
2882,109.65
2883,109.04
2884,109.11
2885,108.1
2886,108.25
2887,108.19
2888,110.07
2889,109.65
2890,109.01
2891,108.3
2892,109.21
2893,109.06
2894,108.63
2895,107.16
2896,109.02
2897,109.2
2898,108.92
2899,108.47
2900,108.17
2901,109.06
2902,109.21
2903,109.6
2904,108.07
2905,108.81
2906,108.38
2907,108.64
2908,108.59
2909,107.76
2910,108.89
2911,107.78
2912,109.1
2913,108.02
2914,108.93
2915,109.21
2916,108.17
2917,108.5
2918,107.99
2919,109.08
2920,107.99
2921,108.83
2922,108.24
2923,107.35
2924,108.57
2925,109.02
2926,107.74
2927,108.51
2928,108.72
2929,108.0
2930,108.49
2931,109.26
2932,108.72
2933,108.61
2934,108.89
2935,107.79
2936,108.07
2937,108.29
2938,107.89
2939,108.45
2940,108.49
2941,107.7
2942,108.15
2943,109.12
2944,107.78
2945,108.04
2946,108.26
2947,107.56
2948,107.51
2949,108.57
2950,107.75
2951,107.85
2952,109.79
2953,108.73
2954,107.96
2955,108.03
2956,108.21
2957,108.81
2958,107.57
2959,108.27
2960,108.68
2961,108.0
2962,108.01
2963,108.33
2964,107.8
2965,108.78
2966,106.91
2967,108.82
2968,107.84
2969,107.79
2970,107.62
2971,108.4
2972,108.04
2973,109.31
2974,107.53
2975,107.0
2976,107.99
2977,107.12
2978,107.6
2979,107.57
2980,107.17
2981,107.61
2982,108.19
2983,107.39
2984,108.06
2985,107.51
2986,106.82
2987,107.76
2988,107.52
2989,109.02
2990,106.83
2991,106.83
2992,106.66
2993,107.28
2994,108.15
2995,107.87
2996,107.64
2997,108.69
2998,107.28
2999,107.28
3000,107.63
3001,107.41
3002,106.35
3003,107.15
3004,107.77
3005,108.11
3006,107.18
3007,107.9
3008,107.4
3009,107.41
3010,108.07
3011,107.13
3012,107.11
3013,107.3
3014,107.22
3015,106.78
3016,106.28
3017,106.46
3018,107.37
3019,106.17
3020,107.86
3021,107.23
3022,106.85
3023,106.99
3024,107.32
3025,107.63
3026,107.46
3027,106.97
3028,106.49
3029,107.08
3030,107.11
3031,106.68
3032,106.66
3033,106.5
3034,106.57
3035,107.46
3036,107.7
3037,106.42
3038,106.29
3039,107.01
3040,107.34
3041,106.96
3042,106.99
3043,106.65
3044,108.1
3045,107.17
3046,107.02
3047,107.01
3048,106.24
3049,106.28
3050,108.95
3051,107.54
3052,107.04
3053,105.83
3054,107.24
3055,106.66
3056,107.55
3057,106.48
3058,106.66
3059,107.49
3060,106.39
3061,106.7
3062,107.13
3063,106.17
3064,106.42
3065,106.61
3066,107.58
3067,107.52
3068,106.86
3069,105.88
3070,106.62
3071,106.37
3072,105.59
3073,107.04
3074,105.67
3075,106.28
3076,106.51
3077,105.61
3078,106.51
3079,105.69
3080,107.51
3081,106.62
3082,106.96
3083,106.75
3084,106.68
3085,106.08
3086,106.77
3087,106.54
3088,106.08
3089,105.66
3090,105.86
3091,106.55
3092,107.06
3093,105.85
3094,105.95
3095,107.1
3096,106.31
3097,106.26
3098,106.07
3099,106.39
3100,106.73
3101,106.73
3102,105.47
3103,105.88
3104,105.43
3105,106.37
3106,106.84
3107,106.25
3108,106.65
3109,106.66
3110,105.93
3111,105.84
3112,105.88
3113,105.62
3114,105.71
3115,106.62
3116,106.42
3117,106.44
3118,106.49
3119,106.11
3120,106.28
3121,105.67
3122,105.18
3123,105.93
3124,104.95
3125,106.28
3126,105.83
3127,105.8
3128,106.06
3129,106.35
3130,105.89
3131,106.25
3132,105.3
3133,105.79
3134,106.34
3135,105.54
3136,105.79
3137,106.3
3138,106.34
3139,106.36
3140,106.33
3141,106.41
3142,106.57
3143,104.93
3144,105.77
3145,105.75
3146,105.4
3147,106.09
3148,105.63
3149,105.68
3150,105.98
3151,106.29
3152,105.86
3153,106.57
3154,106.31
3155,105.51
3156,106.06
3157,105.54
3158,106.29
3159,106.42
3160,105.2
3161,106.47
3162,106.85
3163,104.65
3164,105.28
3165,105.05
3166,105.6
3167,106.05
3168,105.56
3169,105.13
3170,105.97
3171,106.06
3172,105.58
3173,106.1
3174,107.14
3175,105.69
3176,105.43
3177,106.42
3178,105.46
3179,106.71
3180,105.88
3181,105.69
3182,105.65
3183,105.92
3184,105.43
3185,106.14
3186,105.83
3187,106.12
3188,105.02
3189,105.19
3190,106.84
3191,105.82
3192,105.32
3193,105.42
3194,106.0
3195,105.19
3196,105.89
3197,105.95
3198,104.61
3199,105.67
3200,105.0
3201,105.76
3202,104.79
3203,106.01
3204,104.85
3205,104.41
3206,105.59
3207,104.54
3208,105.04
3209,104.77
3210,105.0
3211,105.19
3212,104.81
3213,105.08
3214,105.9
3215,104.71
3216,104.8
3217,105.25
3218,104.85
3219,104.62
3220,106.0
3221,104.73
3222,104.75
3223,104.85
3224,105.57
3225,105.33
3226,105.31
3227,103.96
3228,104.85
3229,104.12
3230,105.73
3231,105.35
3232,105.34
3233,104.06
3234,104.01
3235,105.69
3236,105.31
3237,104.46
3238,105.19
3239,105.23
3240,103.23
3241,103.84
3242,105.88
3243,104.28
3244,105.05
3245,103.97
3246,103.78
3247,104.92
3248,104.69
3249,104.29
3250,104.79
3251,105.94
3252,104.51
3253,104.5
3254,105.55
3255,104.91
3256,104.83
3257,104.78
3258,104.53
3259,105.46
3260,104.66
3261,105.72
3262,104.84
3263,104.8
3264,104.46
3265,104.26
3266,104.52
3267,104.59
3268,103.82
3269,105.15
3270,103.77
3271,104.24
3272,105.84
3273,103.72
3274,103.3
3275,104.52
3276,104.41
3277,104.15
3278,104.87
3279,103.89
3280,104.49
3281,104.45
3282,104.77
3283,104.95
3284,104.52
3285,104.16
3286,103.9
3287,104.66
3288,104.04
3289,104.6
3290,104.06
3291,104.77
3292,104.0
3293,106.18
3294,104.35
3295,104.42
3296,104.56
3297,103.11
3298,103.58
3299,105.03
3300,104.96
3301,103.3
3302,104.85
3303,104.72
3304,103.46
3305,104.5
3306,104.02
3307,104.13
3308,105.04
3309,102.61
3310,104.5
3311,103.94
3312,104.45
3313,104.54
3314,103.37
3315,103.87
3316,104.28
3317,104.53
3318,104.41
3319,104.64
3320,103.67
3321,103.86
3322,103.62
3323,103.85
3324,103.78
3325,103.69
3326,104.83
3327,103.52
3328,104.0
3329,104.02
3330,104.09
3331,105.12
3332,104.29
3333,105.16
3334,103.96
3335,103.24
3336,103.83
3337,103.51
3338,102.97
3339,104.59
3340,103.2
3341,103.72
3342,103.83
3343,104.28
3344,103.86
3345,103.7
3346,104.74
3347,103.63
3348,103.82
3349,102.92
3350,103.19
3351,103.87
3352,103.69
3353,104.02
3354,104.32
3355,104.88
3356,103.92
3357,103.51
3358,102.67
3359,103.97
3360,103.84
3361,103.19
3362,103.53
3363,103.38
3364,103.24
3365,103.85
3366,103.53
3367,103.44
3368,103.37
3369,104.02
3370,103.33
3371,103.81
3372,103.76
3373,102.81
3374,103.01
3375,102.94
3376,103.59
3377,104.09
3378,104.24
3379,103.85
3380,103.3
3381,103.34
3382,104.75
3383,103.86
3384,103.77
3385,103.51
3386,103.24
3387,102.52
3388,104.26
3389,103.01
3390,102.43
3391,102.18
3392,103.48
3393,103.31
3394,103.6
3395,103.68
3396,103.42
3397,103.42
3398,102.77
3399,103.53
3400,103.4
3401,103.08
3402,103.54
3403,103.61
3404,103.58
3405,102.42
3406,103.93
3407,104.34
3408,103.91
3409,103.55
3410,103.44
3411,103.74
3412,102.9
3413,104.23
3414,103.97
3415,102.87
3416,102.42
3417,103.85
3418,102.33
3419,103.57
3420,104.68
3421,102.23
3422,102.74
3423,103.0
3424,103.17
3425,103.12
3426,103.47
3427,103.16
3428,103.31
3429,103.76
3430,102.74
3431,103.5
3432,101.95
3433,103.84
3434,102.31
3435,102.08
3436,102.82
3437,103.07
3438,102.59
3439,101.82
3440,103.14
3441,102.09
3442,102.14
3443,103.54
3444,104.47
3445,102.25
3446,102.88
3447,103.21
3448,102.44
3449,103.39
3450,103.26
3451,103.49
3452,102.86
3453,102.02
3454,103.25
3455,103.78
3456,103.82
3457,102.37
3458,101.98
3459,102.29
3460,102.41
3461,103.02
3462,103.75
3463,102.45
3464,103.63
3465,102.19
3466,102.99
3467,103.01
3468,103.14
3469,103.04
3470,102.25
3471,103.26
3472,102.77
3473,103.5
3474,102.74
3475,102.99
3476,102.5
3477,102.18
3478,102.19
3479,102.86
3480,101.92
3481,101.8
3482,102.32
3483,103.01
3484,102.47
3485,102.93
3486,103.78
3487,103.36
3488,103.65
3489,102.28
3490,102.38
3491,102.53
3492,102.72
3493,103.28
3494,102.0
3495,103.09
3496,102.86
3497,102.71
3498,102.91
3499,103.57
3500,102.94
3501,102.07
3502,102.17
3503,102.98
3504,102.42
3505,102.72
3506,102.72
3507,102.26
3508,101.91
3509,102.55
3510,102.28
3511,102.55
3512,102.41
3513,102.73
3514,102.14
3515,101.11
3516,103.77
3517,101.87
3518,101.98
3519,103.65
3520,102.01
3521,102.72
3522,103.31
3523,101.57
3524,102.87
3525,102.45
3526,102.62
3527,102.05
3528,101.97
3529,100.99
3530,101.98
3531,102.19
3532,102.8
3533,103.24
3534,102.07
3535,101.73
3536,102.26
3537,102.88
3538,102.28
3539,102.54
3540,101.81
3541,101.97
3542,101.3
3543,102.55
3544,102.55
3545,102.38
3546,102.26
3547,102.64
3548,102.7
3549,101.2
3550,102.62
3551,101.32
3552,101.29
3553,101.58
3554,102.58
3555,102.53
3556,101.74
3557,101.44
3558,102.18
3559,102.2
3560,102.35
3561,101.17
3562,101.33
3563,101.96
3564,101.04
3565,102.26
3566,101.17
3567,101.72
3568,101.89
3569,102.27
3570,101.29
3571,102.25
3572,101.99
3573,101.57
3574,102.43
3575,101.91
3576,101.06
3577,101.78
3578,101.96
3579,101.8
3580,102.0
3581,101.57
3582,101.69
3583,101.5
3584,101.72
3585,100.59
3586,101.52
3587,102.39
3588,101.53
3589,102.27
3590,101.83
3591,101.53
3592,101.56
3593,100.87
3594,101.36
3595,101.94
3596,101.74
3597,100.67
3598,102.67
3599,101.64
3600,102.13
3601,101.93
3602,102.01
3603,101.09
3604,101.66
3605,101.71
3606,102.07
3607,102.02
3608,101.33
3609,101.41
3610,100.6
3611,99.88
3612,102.22
3613,102.26
3614,102.52
3615,101.96
3616,102.74
3617,101.73
3618,101.02
3619,101.9
3620,101.45
3621,101.99
3622,101.78
3623,99.92
3624,101.29
3625,101.84
3626,101.25
3627,101.65
3628,101.04
3629,101.01
3630,100.46
3631,101.38
3632,100.64
3633,102.09
3634,101.1
3635,100.91
3636,101.46
3637,101.01
3638,100.32
3639,102.46
3640,102.17
3641,101.97
3642,100.88
3643,101.72
3644,100.94
3645,101.14
3646,101.24
3647,100.71
3648,101.32
3649,101.6
3650,101.59
3651,100.23
3652,101.75
3653,99.9
3654,100.08
3655,100.42
3656,101.29
3657,100.81
3658,101.71
3659,100.69
3660,101.76
3661,100.32
3662,100.87
3663,101.23
3664,101.32
3665,101.33
3666,99.96
3667,100.55
3668,100.86
3669,100.71
3670,101.73
3671,101.55
3672,101.17
3673,100.16
3674,101.58
3675,100.89
3676,100.71
3677,102.04
3678,100.29
3679,101.24
3680,101.02
3681,101.38
3682,101.69
3683,100.65
3684,101.01
3685,100.67
3686,101.17
3687,101.32
3688,100.77
3689,100.52
3690,100.42
3691,100.62
3692,100.51
3693,100.86
3694,101.99
3695,101.15
3696,100.87
3697,102.02
3698,101.47
3699,100.7
3700,101.02
3701,100.82
3702,100.03
3703,100.32
3704,100.56
3705,100.41
3706,100.75
3707,101.29
3708,100.03
3709,100.33
3710,101.35
3711,100.03
3712,101.25
3713,100.92
3714,100.95
3715,100.36
3716,99.88
3717,99.72
3718,100.22
3719,100.24
3720,101.29
3721,99.74
3722,99.53
3723,100.6
3724,100.12
3725,99.59
3726,100.34
3727,99.88
3728,101.23
3729,99.92
3730,101.12
3731,100.49
3732,100.2
3733,99.75
3734,100.64
3735,99.53
3736,100.19
3737,100.07
3738,99.96
3739,99.75
3740,100.4
3741,100.9
3742,101.28
3743,100.21
3744,101.04
3745,99.02
3746,100.37
3747,101.83
3748,101.46
3749,100.4
3750,101.53
3751,100.08
3752,100.34
3753,100.25
3754,101.08
3755,100.98
3756,101.47
3757,100.38
3758,101.54
3759,100.17
3760,99.19
3761,99.47
3762,100.64
3763,100.57
3764,100.1
3765,100.64
3766,100.39
3767,99.51
3768,99.82
3769,100.86
3770,101.01
3771,99.66
3772,100.43
3773,100.37
3774,99.33
3775,100.26
3776,99.9
3777,100.19
3778,99.73
3779,100.5
3780,99.89
3781,99.91
3782,99.33
3783,100.76
3784,100.18
3785,100.11
3786,98.57
3787,101.15
3788,99.55
3789,100.39
3790,100.7
3791,100.54
3792,99.48
3793,100.22
3794,100.47
3795,100.25
3796,99.69
3797,99.78
3798,99.75
3799,99.38
3800,99.32
3801,99.89
3802,99.52
3803,99.48
3804,100.27
3805,100.36
3806,98.99
3807,100.01
3808,98.94
3809,100.01
3810,99.96
3811,99.83
3812,99.4
3813,100.16
3814,99.98
3815,99.29
3816,100.46
3817,99.21
3818,100.01
3819,99.68
3820,100.02
3821,99.31
3822,99.42
3823,99.89
3824,99.19
3825,100.37
3826,99.58
3827,98.89
3828,99.42
3829,99.49
3830,100.57
3831,100.01
3832,99.75
3833,99.1
3834,100.01
3835,99.2
3836,99.63
3837,100.07
3838,100.6
3839,100.01
3840,99.43
3841,98.99
3842,99.69
3843,99.76
3844,100.12
3845,98.87
3846,99.58
3847,99.36
3848,99.42
3849,99.34
3850,99.72
3851,99.18
3852,99.29
3853,98.62
3854,99.68
3855,99.34
3856,100.21
3857,99.56
3858,101.02
3859,99.6
3860,98.65
3861,99.21
3862,98.45
3863,99.67
3864,99.21
3865,97.58
3866,99.2
3867,99.12
3868,99.46
3869,99.49
3870,100.22
3871,99.63
3872,99.51
3873,99.38
3874,98.93
3875,99.45
3876,99.61
3877,99.78
3878,99.95
3879,99.81
3880,99.56
3881,100.21
3882,100.12
3883,98.83
3884,99.75
3885,99.27
3886,99.53
3887,98.74
3888,98.62
3889,98.3
3890,99.18
3891,98.81
3892,98.61
3893,99.32
3894,98.8
3895,99.25
3896,99.22
3897,99.59
3898,98.96
3899,98.47
3900,99.45
3901,99.24
3902,99.16
3903,98.74
3904,99.37
3905,98.8
3906,98.2
3907,98.9
3908,98.74
3909,98.85
3910,98.77
3911,98.44
3912,99.17
3913,99.84
3914,99.2
3915,98.28
3916,99.14
3917,98.58
3918,98.76
3919,99.2
3920,98.81
3921,97.98
3922,99.37
3923,99.17
3924,98.25
3925,98.91
3926,99.54
3927,99.6
3928,99.34
3929,98.68
3930,98.79
3931,99.31
3932,99.34
3933,98.31
3934,99.25
3935,98.96
3936,97.66
3937,98.1
3938,97.83
3939,99.69
3940,99.2
3941,99.85
3942,98.43
3943,98.93
3944,98.59
3945,99.37
3946,98.61
3947,98.09
3948,98.16
3949,97.49
3950,98.66
3951,98.56
3952,99.21
3953,99.55
3954,98.02
3955,98.75
3956,98.43
3957,97.96
3958,98.2
3959,98.82
3960,98.77
3961,98.31
3962,99.26
3963,99.74
3964,98.95
3965,97.54
3966,98.33
3967,99.33
3968,99.25
3969,99.03
3970,98.48
3971,98.94
3972,98.01
3973,98.62
3974,98.84
3975,98.49
3976,99.66
3977,97.94
3978,97.97
3979,99.38
3980,97.42
3981,97.09
3982,99.3
3983,98.25
3984,98.74
3985,98.87
3986,98.25
3987,98.79
3988,98.92
3989,97.82
3990,98.38
3991,99.55
3992,98.05
3993,97.92
3994,97.92
3995,98.92
3996,97.89
3997,98.79
3998,97.53
3999,98.17
